<?xml version="1.0" encoding="UTF-8"?>
<project-private xmlns="http://www.netbeans.org/ns/project-private/1">
    <editor-bookmarks xmlns="http://www.netbeans.org/ns/editor-bookmarks/2" lastBookmarkId="0"/>
    <open-files xmlns="http://www.netbeans.org/ns/projectui-open-files/2">
        <group>
            <file>file:/C:/Users/David%20Arce/Downloads/Proyecto%20final/PistaCarros/ProyectoFinal_PerifericaL1/src/Periferica_L1/Class_Periferica.java</file>
            <file>file:/C:/Users/David%20Arce/Downloads/Proyecto%20final/PistaCarros/ProyectoFinal_PerifericaL1/src/Periferica_L1/Bus1.java</file>
        </group>
    </open-files>
</project-private>
