<?xml version="1.0" encoding="UTF-8"?>
<project-private xmlns="http://www.netbeans.org/ns/project-private/1">
    <editor-bookmarks xmlns="http://www.netbeans.org/ns/editor-bookmarks/2" lastBookmarkId="0"/>
    <open-files xmlns="http://www.netbeans.org/ns/projectui-open-files/2">
        <group>
            <file>file:/C:/Users/David%20Arce/OneDrive/Documents/NetBeansProjects/ServidorTCP3/src/Servidor/Iniciarservicio.java</file>
            <file>file:/C:/Users/David%20Arce/OneDrive/Documents/NetBeansProjects/ServidorTCP3/src/Servidor/Atenderclientes.java</file>
            <file>file:/C:/Users/David%20Arce/OneDrive/Documents/NetBeansProjects/ServidorTCP3/src/Servidor/frmAC.java</file>
            <file>file:/C:/Users/David%20Arce/OneDrive/Documents/NetBeansProjects/ServidorTCP3/src/Servidor/TerminaBusesX.java</file>
        </group>
    </open-files>
</project-private>
